pathway	S10	S112	S113	S114	S11	S12	S13	S15	S161	S162	S164	S165	S166	S167	S168	S169	S16	S170	S171	S172	S173	S174	S175	S176	S177	S179	S17	S182	S187	S188	S18	S191	S194	S196	S197	S198	S19	S1	S201	S202	S203	S204	S205	S206	S207	S208	S209	S20	S210	S213	S214	S215	S216	S217	S218	S219	S220	S221	S222	S223	S224	S225	S22	S23	S24	S25	S26	S27	S28	S2	S30	S34	S35	S36	S37	S3	S4	S5	S61	S62	S63	S65	S6	S7	S85	S86	S87	S88	S89	S9
ko00010	0.0	0.5	0.5	0.5	0.5	0.0	0.0	0.5	0.0	0.0	0.0	0.0	0.0	0.0	0.5	0.5	0.5	0.0	0.0	0.5	0.0	0.5	0.0	0.0	0.0	0.0	0.0	0.5	0.0	0.0	0.0	0.0	0.0	0.0	1.0	0.0	0.5	0.0	0.0	0.5	0.0	0.0	0.0	0.0	0.0	0.0	0.0	0.0	0.5	0.0	0.5	0.0	0.0	0.0	0.5	0.5	0.0	0.0	0.5	0.0	0.5	1.0	0.5	0.0	0.0	1.0	1.0	1.0	1.0	1.5	0.5	0.0	0.0	0.0	0.0	0.5	0.5	0.5	0.0	1.0	0.0	0.0	0.0	1.5	0.5	0.5	0.0	0.5	0.0	1.5
ko00020	0.0	0.0	0.0	0.0	0.0	0.0	0.0	0.6667	0.0	0.0	0.0	0.0	0.0	0.0	0.6667	0.6667	0.0	0.0	0.0	0.0	0.0	0.0	0.0	0.0	0.0	0.0	0.0	0.6667	0.0	0.0	0.0	0.0	0.0	0.0	1.2222	0.0	0.0	0.0	0.0	0.0	0.0	0.0	0.0	0.0	0.0	0.0	0.0	0.0	0.6667	0.0	0.0	0.0	0.0	0.0	0.6667	0.6667	0.0	0.0	0.6667	0.0	0.0	1.2222	0.0	0.0	0.0	0.0	1.3333	1.3333	1.3333	2.0	0.0	0.0	0.0	0.0	0.0	0.6667	0.6667	0.0	0.0	1.2222	0.0	0.0	0.0	1.7778	0.0	0.6667	0.0	0.6667	0.0	2.0
ko00030	0.0	0.6818	0.6818	0.6818	0.6818	0.0	0.0	0.5455	0.0	0.0	0.0	0.0	0.0	0.0	0.5455	0.5455	0.6818	0.0	0.0	0.6818	0.0	0.6818	0.0	0.0	0.0	0.0	0.0	0.5455	0.0	0.0	0.0	0.0	0.0	0.0	1.2273	0.0	0.6818	0.0	0.0	0.6818	0.0	0.0	0.0	0.0	0.0	0.0	0.0	0.0	0.5455	0.0	0.6818	0.0	0.0	0.0	0.5455	0.5455	0.0	0.0	0.5455	0.0	0.6818	1.2273	0.6818	0.0	0.0	1.3636	1.0909	1.0909	1.0909	1.6364	0.6818	0.0	0.0	0.0	0.0	0.5455	0.5455	0.6818	0.0	1.2273	0.0	0.0	0.0	1.9091	0.6818	0.5455	0.0	0.5455	0.0	1.6364
ko00051	0.0	0.2727	0.2727	0.2727	0.2727	0.0	0.0	0.2121	0.0	0.0	0.0	0.0	0.0	0.0	0.2121	0.2121	0.2727	0.0	0.0	0.2727	0.0	0.2727	0.0	0.0	0.0	0.0	0.0	0.2121	0.0	0.0	0.0	0.0	0.0	0.0	0.4848	0.0	0.2727	0.0	0.0	0.2727	0.0	0.0	0.0	0.0	0.0	0.0	0.0	0.0	0.2121	0.0	0.2727	0.0	0.0	0.0	0.2121	0.2121	0.0	0.0	0.2121	0.0	0.2727	0.4848	0.2727	0.0	0.0	0.5455	0.4242	0.4242	0.4242	0.6364	0.2727	0.0	0.0	0.0	0.0	0.2121	0.2121	0.2727	0.0	0.4848	0.0	0.0	0.0	0.7576	0.2727	0.2121	0.0	0.2121	0.0	0.6364
ko00061	0.0	1.1538	1.1538	1.1538	1.1538	0.0	0.0	1.0	0.0	0.0	0.0	0.0	0.0	0.0	1.0	1.0	1.1538	0.0	0.0	1.1538	0.0	1.1538	0.0	0.0	0.0	0.0	0.0	1.0	0.0	0.0	0.0	0.0	0.0	0.0	2.1538	0.0	1.1538	0.0	0.0	1.1538	0.0	0.0	0.0	0.0	0.0	0.0	0.0	0.0	1.0	0.0	1.1538	0.0	0.0	0.0	1.0	1.0	0.0	0.0	1.0	0.0	1.1538	2.1538	1.1538	0.0	0.0	2.3077	2.0	2.0	2.0	3.0	1.1538	0.0	0.0	0.0	0.0	1.0	1.0	1.1538	0.0	2.1538	0.0	0.0	0.0	3.3077	1.1538	1.0	0.0	1.0	0.0	3.0
ko00071	0.0	0.0	0.0	0.0	0.0	0.0	0.0	0.75	0.0	0.0	0.0	0.0	0.0	0.0	0.75	0.75	0.0	0.0	0.0	0.0	0.0	0.0	0.0	0.0	0.0	0.0	0.0	0.75	0.0	0.0	0.0	0.0	0.0	0.0	1.0833	0.0	0.0	0.0	0.0	0.0	0.0	0.0	0.0	0.0	0.0	0.0	0.0	0.0	0.75	0.0	0.0	0.0	0.0	0.0	0.75	0.75	0.0	0.0	0.75	0.0	0.0	1.0833	0.0	0.0	0.0	0.0	1.5	1.5	1.5	2.25	0.0	0.0	0.0	0.0	0.0	0.75	0.75	0.0	0.0	1.0833	0.0	0.0	0.0	1.4167	0.0	0.75	0.0	0.75	0.0	2.25
ko00130	0.0	0.25	0.25	0.25	0.25	0.0	0.0	0.55	0.0	0.0	0.0	0.0	0.0	0.0	0.55	0.55	0.25	0.0	0.0	0.25	0.0	0.25	0.0	0.0	0.0	0.0	0.0	0.55	0.0	0.0	0.0	0.0	0.0	0.0	0.8	0.0	0.25	0.0	0.0	0.25	0.0	0.0	0.0	0.0	0.0	0.0	0.0	0.0	0.55	0.0	0.25	0.0	0.0	0.0	0.55	0.55	0.0	0.0	0.55	0.0	0.25	0.8	0.25	0.0	0.0	0.5	1.1	1.1	1.1	1.65	0.25	0.0	0.0	0.0	0.0	0.55	0.55	0.25	0.0	0.8	0.0	0.0	0.0	1.05	0.25	0.55	0.0	0.55	0.0	1.65
ko00190	0.0	0.3495	0.3495	0.3495	0.3495	0.0	0.0	0.2816	0.0	0.0	0.0	0.0	0.0	0.0	0.2816	0.2816	0.3495	0.0	0.0	0.3495	0.0	0.3495	0.0	0.0	0.0	0.0	0.0	0.2816	0.0	0.0	0.0	0.0	0.0	0.0	0.6311	0.0	0.3495	0.0	0.0	0.3495	0.0	0.0	0.0	0.0	0.0	0.0	0.0	0.0	0.2816	0.0	0.3495	0.0	0.0	0.0	0.2816	0.2816	0.0	0.0	0.2816	0.0	0.3495	0.6311	0.3495	0.0	0.0	0.699	0.5631	0.5631	0.5631	0.8447	0.3495	0.0	0.0	0.0	0.0	0.2816	0.2816	0.3495	0.0	0.6311	0.0	0.0	0.0	0.9806	0.3495	0.2816	0.0	0.2816	0.0	0.8447
ko00230	0.0	0.4286	0.4286	0.4286	0.4286	0.0	0.0	0.4286	0.0	0.0	0.0	0.0	0.0	0.0	0.4286	0.4286	0.4286	0.0	0.0	0.4286	0.0	0.4286	0.0	0.0	0.0	0.0	0.0	0.4286	0.0	0.0	0.0	0.0	0.0	0.0	0.8571	0.0	0.4286	0.0	0.0	0.4286	0.0	0.0	0.0	0.0	0.0	0.0	0.0	0.0	0.4286	0.0	0.4286	0.0	0.0	0.0	0.4286	0.4286	0.0	0.0	0.4286	0.0	0.4286	0.8571	0.4286	0.0	0.0	0.8571	0.8571	0.8571	0.8571	1.2857	0.4286	0.0	0.0	0.0	0.0	0.4286	0.4286	0.4286	0.0	0.8571	0.0	0.0	0.0	1.2857	0.4286	0.4286	0.0	0.4286	0.0	1.2857
ko00240	0.0	0.5867	0.5867	0.5867	0.5867	0.0	0.0	0.5467	0.0	0.0	0.0	0.0	0.0	0.0	0.5467	0.5467	0.5867	0.0	0.0	0.5867	0.0	0.5867	0.0	0.0	0.0	0.0	0.0	0.5467	0.0	0.0	0.0	0.0	0.0	0.0	1.1333	0.0	0.5867	0.0	0.0	0.5867	0.0	0.0	0.0	0.0	0.0	0.0	0.0	0.0	0.5467	0.0	0.5867	0.0	0.0	0.0	0.5467	0.5467	0.0	0.0	0.5467	0.0	0.5867	1.1333	0.5867	0.0	0.0	1.1733	1.0933	1.0933	1.0933	1.64	0.5867	0.0	0.0	0.0	0.0	0.5467	0.5467	0.5867	0.0	1.1333	0.0	0.0	0.0	1.72	0.5867	0.5467	0.0	0.5467	0.0	1.64
ko00250	0.0	0.8519	0.8519	0.8519	0.8519	0.0	0.0	0.8519	0.0	0.0	0.0	0.0	0.0	0.0	0.8519	0.8519	0.8519	0.0	0.0	0.8519	0.0	0.8519	0.0	0.0	0.0	0.0	0.0	0.8519	0.0	0.0	0.0	0.0	0.0	0.0	1.7037	0.0	0.8519	0.0	0.0	0.8519	0.0	0.0	0.0	0.0	0.0	0.0	0.0	0.0	0.8519	0.0	0.8519	0.0	0.0	0.0	0.8519	0.8519	0.0	0.0	0.8519	0.0	0.8519	1.7037	0.8519	0.0	0.0	1.7037	1.7037	1.7037	1.7037	2.5556	0.8519	0.0	0.0	0.0	0.0	0.8519	0.8519	0.8519	0.0	1.7037	0.0	0.0	0.0	2.5556	0.8519	0.8519	0.0	0.8519	0.0	2.5556
ko00260	0.0	0.6176	0.6176	0.6176	0.6176	0.0	0.0	0.6765	0.0	0.0	0.0	0.0	0.0	0.0	0.6765	0.6765	0.6176	0.0	0.0	0.6176	0.0	0.6176	0.0	0.0	0.0	0.0	0.0	0.6765	0.0	0.0	0.0	0.0	0.0	0.0	1.2941	0.0	0.6176	0.0	0.0	0.6176	0.0	0.0	0.0	0.0	0.0	0.0	0.0	0.0	0.6765	0.0	0.6176	0.0	0.0	0.0	0.6765	0.6765	0.0	0.0	0.6765	0.0	0.6176	1.2941	0.6176	0.0	0.0	1.2353	1.3529	1.3529	1.3529	2.0294	0.6176	0.0	0.0	0.0	0.0	0.6765	0.6765	0.6176	0.0	1.2941	0.0	0.0	0.0	1.9118	0.6176	0.6765	0.0	0.6765	0.0	2.0294
ko00270	0.0	0.697	0.697	0.697	0.697	0.0	0.0	0.6061	0.0	0.0	0.0	0.0	0.0	0.0	0.6061	0.6061	0.697	0.0	0.0	0.697	0.0	0.697	0.0	0.0	0.0	0.0	0.0	0.6061	0.0	0.0	0.0	0.0	0.0	0.0	1.303	0.0	0.697	0.0	0.0	0.697	0.0	0.0	0.0	0.0	0.0	0.0	0.0	0.0	0.6061	0.0	0.697	0.0	0.0	0.0	0.6061	0.6061	0.0	0.0	0.6061	0.0	0.697	1.303	0.697	0.0	0.0	1.3939	1.2121	1.2121	1.2121	1.8182	0.697	0.0	0.0	0.0	0.0	0.6061	0.6061	0.697	0.0	1.303	0.0	0.0	0.0	2.0	0.697	0.6061	0.0	0.6061	0.0	1.8182
ko00280	0.0	0.4483	0.4483	0.4483	0.4483	0.0	0.0	0.8276	0.0	0.0	0.0	0.0	0.0	0.0	0.8276	0.8276	0.4483	0.0	0.0	0.4483	0.0	0.4483	0.0	0.0	0.0	0.0	0.0	0.8276	0.0	0.0	0.0	0.0	0.0	0.0	1.2759	0.0	0.4483	0.0	0.0	0.4483	0.0	0.0	0.0	0.0	0.0	0.0	0.0	0.0	0.8276	0.0	0.4483	0.0	0.0	0.0	0.8276	0.8276	0.0	0.0	0.8276	0.0	0.4483	1.2759	0.4483	0.0	0.0	0.8966	1.6552	1.6552	1.6552	2.4828	0.4483	0.0	0.0	0.0	0.0	0.8276	0.8276	0.4483	0.0	1.2759	0.0	0.0	0.0	1.7241	0.4483	0.8276	0.0	0.8276	0.0	2.4828
ko00281	0.0	0.0	0.0	0.0	0.0	0.0	0.0	0.875	0.0	0.0	0.0	0.0	0.0	0.0	0.875	0.875	0.0	0.0	0.0	0.0	0.0	0.0	0.0	0.0	0.0	0.0	0.0	0.875	0.0	0.0	0.0	0.0	0.0	0.0	1.0	0.0	0.0	0.0	0.0	0.0	0.0	0.0	0.0	0.0	0.0	0.0	0.0	0.0	0.875	0.0	0.0	0.0	0.0	0.0	0.875	0.875	0.0	0.0	0.875	0.0	0.0	1.0	0.0	0.0	0.0	0.0	1.75	1.75	1.75	2.625	0.0	0.0	0.0	0.0	0.0	0.875	0.875	0.0	0.0	1.0	0.0	0.0	0.0	1.125	0.0	0.875	0.0	0.875	0.0	2.625
ko00290	0.0	1.0909	1.0909	1.0909	1.0909	0.0	0.0	1.1818	0.0	0.0	0.0	0.0	0.0	0.0	1.1818	1.1818	1.0909	0.0	0.0	1.0909	0.0	1.0909	0.0	0.0	0.0	0.0	0.0	1.1818	0.0	0.0	0.0	0.0	0.0	0.0	2.2727	0.0	1.0909	0.0	0.0	1.0909	0.0	0.0	0.0	0.0	0.0	0.0	0.0	0.0	1.1818	0.0	1.0909	0.0	0.0	0.0	1.1818	1.1818	0.0	0.0	1.1818	0.0	1.0909	2.2727	1.0909	0.0	0.0	2.1818	2.3636	2.3636	2.3636	3.5455	1.0909	0.0	0.0	0.0	0.0	1.1818	1.1818	1.0909	0.0	2.2727	0.0	0.0	0.0	3.3636	1.0909	1.1818	0.0	1.1818	0.0	3.5455
ko00300	0.0	0.65	0.65	0.65	0.65	0.0	0.0	0.75	0.0	0.0	0.0	0.0	0.0	0.0	0.75	0.75	0.65	0.0	0.0	0.65	0.0	0.65	0.0	0.0	0.0	0.0	0.0	0.75	0.0	0.0	0.0	0.0	0.0	0.0	1.4	0.0	0.65	0.0	0.0	0.65	0.0	0.0	0.0	0.0	0.0	0.0	0.0	0.0	0.75	0.0	0.65	0.0	0.0	0.0	0.75	0.75	0.0	0.0	0.75	0.0	0.65	1.4	0.65	0.0	0.0	1.3	1.5	1.5	1.5	2.25	0.65	0.0	0.0	0.0	0.0	0.75	0.75	0.65	0.0	1.4	0.0	0.0	0.0	2.05	0.65	0.75	0.0	0.75	0.0	2.25
ko00310	0.0	0.1852	0.1852	0.1852	0.1852	0.0	0.0	0.0	0.0	0.0	0.0	0.0	0.0	0.0	0.0	0.0	0.1852	0.0	0.0	0.1852	0.0	0.1852	0.0	0.0	0.0	0.0	0.0	0.0	0.0	0.0	0.0	0.0	0.0	0.0	0.5926	0.0	0.1852	0.0	0.0	0.1852	0.0	0.0	0.0	0.0	0.0	0.0	0.0	0.0	0.0	0.0	0.1852	0.0	0.0	0.0	0.0	0.0	0.0	0.0	0.0	0.0	0.1852	0.5926	0.1852	0.0	0.0	0.3704	0.0	0.0	0.0	0.0	0.1852	0.0	0.0	0.0	0.0	0.0	0.0	0.1852	0.0	0.5926	0.0	0.0	0.0	0.7778	0.1852	0.0	0.0	0.0	0.0	0.0
ko00330	0.0	0.3651	0.3651	0.3651	0.3651	0.0	0.0	0.5238	0.0	0.0	0.0	0.0	0.0	0.0	0.5238	0.5238	0.3651	0.0	0.0	0.3651	0.0	0.3651	0.0	0.0	0.0	0.0	0.0	0.5238	0.0	0.0	0.0	0.0	0.0	0.0	0.8889	0.0	0.3651	0.0	0.0	0.3651	0.0	0.0	0.0	0.0	0.0	0.0	0.0	0.0	0.5238	0.0	0.3651	0.0	0.0	0.0	0.5238	0.5238	0.0	0.0	0.5238	0.0	0.3651	0.8889	0.3651	0.0	0.0	0.7302	1.0476	1.0476	1.0476	1.5714	0.3651	0.0	0.0	0.0	0.0	0.5238	0.5238	0.3651	0.0	0.8889	0.0	0.0	0.0	1.254	0.3651	0.5238	0.0	0.5238	0.0	1.5714
ko00340	0.0	0.7895	0.7895	0.7895	0.7895	0.0	0.0	0.6316	0.0	0.0	0.0	0.0	0.0	0.0	0.6316	0.6316	0.7895	0.0	0.0	0.7895	0.0	0.7895	0.0	0.0	0.0	0.0	0.0	0.6316	0.0	0.0	0.0	0.0	0.0	0.0	1.4211	0.0	0.7895	0.0	0.0	0.7895	0.0	0.0	0.0	0.0	0.0	0.0	0.0	0.0	0.6316	0.0	0.7895	0.0	0.0	0.0	0.6316	0.6316	0.0	0.0	0.6316	0.0	0.7895	1.4211	0.7895	0.0	0.0	1.5789	1.2632	1.2632	1.2632	1.8947	0.7895	0.0	0.0	0.0	0.0	0.6316	0.6316	0.7895	0.0	1.4211	0.0	0.0	0.0	2.2105	0.7895	0.6316	0.0	0.6316	0.0	1.8947
ko00362	0.0	0.1579	0.1579	0.1579	0.1579	0.0	0.0	0.0	0.0	0.0	0.0	0.0	0.0	0.0	0.0	0.0	0.1579	0.0	0.0	0.1579	0.0	0.1579	0.0	0.0	0.0	0.0	0.0	0.0	0.0	0.0	0.0	0.0	0.0	0.0	0.3684	0.0	0.1579	0.0	0.0	0.1579	0.0	0.0	0.0	0.0	0.0	0.0	0.0	0.0	0.0	0.0	0.1579	0.0	0.0	0.0	0.0	0.0	0.0	0.0	0.0	0.0	0.1579	0.3684	0.1579	0.0	0.0	0.3158	0.0	0.0	0.0	0.0	0.1579	0.0	0.0	0.0	0.0	0.0	0.0	0.1579	0.0	0.3684	0.0	0.0	0.0	0.5263	0.1579	0.0	0.0	0.0	0.0	0.0
ko00400	0.0	0.6452	0.6452	0.6452	0.6452	0.0	0.0	0.5806	0.0	0.0	0.0	0.0	0.0	0.0	0.5806	0.5806	0.6452	0.0	0.0	0.6452	0.0	0.6452	0.0	0.0	0.0	0.0	0.0	0.5806	0.0	0.0	0.0	0.0	0.0	0.0	1.2258	0.0	0.6452	0.0	0.0	0.6452	0.0	0.0	0.0	0.0	0.0	0.0	0.0	0.0	0.5806	0.0	0.6452	0.0	0.0	0.0	0.5806	0.5806	0.0	0.0	0.5806	0.0	0.6452	1.2258	0.6452	0.0	0.0	1.2903	1.1613	1.1613	1.1613	1.7419	0.6452	0.0	0.0	0.0	0.0	0.5806	0.5806	0.6452	0.0	1.2258	0.0	0.0	0.0	1.871	0.6452	0.5806	0.0	0.5806	0.0	1.7419
ko00440	0.0	0.0	0.0	0.0	0.0	0.0	0.0	0.0714	0.0	0.0	0.0	0.0	0.0	0.0	0.0714	0.0714	0.0	0.0	0.0	0.0	0.0	0.0	0.0	0.0	0.0	0.0	0.0	0.0714	0.0	0.0	0.0	0.0	0.0	0.0	0.0714	0.0	0.0	0.0	0.0	0.0	0.0	0.0	0.0	0.0	0.0	0.0	0.0	0.0	0.0714	0.0	0.0	0.0	0.0	0.0	0.0714	0.0714	0.0	0.0	0.0714	0.0	0.0	0.0714	0.0	0.0	0.0	0.0	0.1429	0.1429	0.1429	0.2143	0.0	0.0	0.0	0.0	0.0	0.0714	0.0714	0.0	0.0	0.0714	0.0	0.0	0.0	0.0714	0.0	0.0714	0.0	0.0714	0.0	0.2143
ko00450	0.0	0.7333	0.7333	0.7333	0.7333	0.0	0.0	0.7333	0.0	0.0	0.0	0.0	0.0	0.0	0.7333	0.7333	0.7333	0.0	0.0	0.7333	0.0	0.7333	0.0	0.0	0.0	0.0	0.0	0.7333	0.0	0.0	0.0	0.0	0.0	0.0	1.4667	0.0	0.7333	0.0	0.0	0.7333	0.0	0.0	0.0	0.0	0.0	0.0	0.0	0.0	0.7333	0.0	0.7333	0.0	0.0	0.0	0.7333	0.7333	0.0	0.0	0.7333	0.0	0.7333	1.4667	0.7333	0.0	0.0	1.4667	1.4667	1.4667	1.4667	2.2	0.7333	0.0	0.0	0.0	0.0	0.7333	0.7333	0.7333	0.0	1.4667	0.0	0.0	0.0	2.2	0.7333	0.7333	0.0	0.7333	0.0	2.2
ko00471	0.0	1.0	1.0	1.0	1.0	0.0	0.0	1.0	0.0	0.0	0.0	0.0	0.0	0.0	1.0	1.0	1.0	0.0	0.0	1.0	0.0	1.0	0.0	0.0	0.0	0.0	0.0	1.0	0.0	0.0	0.0	0.0	0.0	0.0	2.0	0.0	1.0	0.0	0.0	1.0	0.0	0.0	0.0	0.0	0.0	0.0	0.0	0.0	1.0	0.0	1.0	0.0	0.0	0.0	1.0	1.0	0.0	0.0	1.0	0.0	1.0	2.0	1.0	0.0	0.0	2.0	2.0	2.0	2.0	3.0	1.0	0.0	0.0	0.0	0.0	1.0	1.0	1.0	0.0	2.0	0.0	0.0	0.0	3.0	1.0	1.0	0.0	1.0	0.0	3.0
ko00473	0.0	0.6667	0.6667	0.6667	0.6667	0.0	0.0	0.6667	0.0	0.0	0.0	0.0	0.0	0.0	0.6667	0.6667	0.6667	0.0	0.0	0.6667	0.0	0.6667	0.0	0.0	0.0	0.0	0.0	0.6667	0.0	0.0	0.0	0.0	0.0	0.0	1.3333	0.0	0.6667	0.0	0.0	0.6667	0.0	0.0	0.0	0.0	0.0	0.0	0.0	0.0	0.6667	0.0	0.6667	0.0	0.0	0.0	0.6667	0.6667	0.0	0.0	0.6667	0.0	0.6667	1.3333	0.6667	0.0	0.0	1.3333	1.3333	1.3333	1.3333	2.0	0.6667	0.0	0.0	0.0	0.0	0.6667	0.6667	0.6667	0.0	1.3333	0.0	0.0	0.0	2.0	0.6667	0.6667	0.0	0.6667	0.0	2.0
ko00480	0.0	0.2632	0.2632	0.2632	0.2632	0.0	0.0	0.7368	0.0	0.0	0.0	0.0	0.0	0.0	0.7368	0.7368	0.2632	0.0	0.0	0.2632	0.0	0.2632	0.0	0.0	0.0	0.0	0.0	0.7368	0.0	0.0	0.0	0.0	0.0	0.0	1.0	0.0	0.2632	0.0	0.0	0.2632	0.0	0.0	0.0	0.0	0.0	0.0	0.0	0.0	0.7368	0.0	0.2632	0.0	0.0	0.0	0.7368	0.7368	0.0	0.0	0.7368	0.0	0.2632	1.0	0.2632	0.0	0.0	0.5263	1.4737	1.4737	1.4737	2.2105	0.2632	0.0	0.0	0.0	0.0	0.7368	0.7368	0.2632	0.0	1.0	0.0	0.0	0.0	1.2632	0.2632	0.7368	0.0	0.7368	0.0	2.2105
ko00500	0.0	0.3	0.3	0.3	0.3	0.0	0.0	0.175	0.0	0.0	0.0	0.0	0.0	0.0	0.175	0.175	0.3	0.0	0.0	0.3	0.0	0.3	0.0	0.0	0.0	0.0	0.0	0.175	0.0	0.0	0.0	0.0	0.0	0.0	0.475	0.0	0.3	0.0	0.0	0.3	0.0	0.0	0.0	0.0	0.0	0.0	0.0	0.0	0.175	0.0	0.3	0.0	0.0	0.0	0.175	0.175	0.0	0.0	0.175	0.0	0.3	0.475	0.3	0.0	0.0	0.6	0.35	0.35	0.35	0.525	0.3	0.0	0.0	0.0	0.0	0.175	0.175	0.3	0.0	0.475	0.0	0.0	0.0	0.775	0.3	0.175	0.0	0.175	0.0	0.525
ko00520	0.0	0.4074	0.4074	0.4074	0.4074	0.0	0.0	0.2963	0.0	0.0	0.0	0.0	0.0	0.0	0.2963	0.2963	0.4074	0.0	0.0	0.4074	0.0	0.4074	0.0	0.0	0.0	0.0	0.0	0.2963	0.0	0.0	0.0	0.0	0.0	0.0	0.7037	0.0	0.4074	0.0	0.0	0.4074	0.0	0.0	0.0	0.0	0.0	0.0	0.0	0.0	0.2963	0.0	0.4074	0.0	0.0	0.0	0.2963	0.2963	0.0	0.0	0.2963	0.0	0.4074	0.7037	0.4074	0.0	0.0	0.8148	0.5926	0.5926	0.5926	0.8889	0.4074	0.0	0.0	0.0	0.0	0.2963	0.2963	0.4074	0.0	0.7037	0.0	0.0	0.0	1.1111	0.4074	0.2963	0.0	0.2963	0.0	0.8889
ko00521	0.0	0.5556	0.5556	0.5556	0.5556	0.0	0.0	0.7778	0.0	0.0	0.0	0.0	0.0	0.0	0.7778	0.7778	0.5556	0.0	0.0	0.5556	0.0	0.5556	0.0	0.0	0.0	0.0	0.0	0.7778	0.0	0.0	0.0	0.0	0.0	0.0	1.3333	0.0	0.5556	0.0	0.0	0.5556	0.0	0.0	0.0	0.0	0.0	0.0	0.0	0.0	0.7778	0.0	0.5556	0.0	0.0	0.0	0.7778	0.7778	0.0	0.0	0.7778	0.0	0.5556	1.3333	0.5556	0.0	0.0	1.1111	1.5556	1.5556	1.5556	2.3333	0.5556	0.0	0.0	0.0	0.0	0.7778	0.7778	0.5556	0.0	1.3333	0.0	0.0	0.0	1.8889	0.5556	0.7778	0.0	0.7778	0.0	2.3333
ko00540	0.0	0.0	0.0	0.0	0.0	0.0	0.0	1.0667	0.0	0.0	0.0	0.0	0.0	0.0	1.0667	1.0667	0.0	0.0	0.0	0.0	0.0	0.0	0.0	0.0	0.0	0.0	0.0	1.0667	0.0	0.0	0.0	0.0	0.0	0.0	1.0667	0.0	0.0	0.0	0.0	0.0	0.0	0.0	0.0	0.0	0.0	0.0	0.0	0.0	1.0667	0.0	0.0	0.0	0.0	0.0	1.0667	1.0667	0.0	0.0	1.0667	0.0	0.0	1.0667	0.0	0.0	0.0	0.0	2.1333	2.1333	2.1333	3.2	0.0	0.0	0.0	0.0	0.0	1.0667	1.0667	0.0	0.0	1.0667	0.0	0.0	0.0	1.0667	0.0	1.0667	0.0	1.0667	0.0	3.2
ko00550	0.0	0.9474	0.9474	0.9474	0.9474	0.0	0.0	0.9474	0.0	0.0	0.0	0.0	0.0	0.0	0.9474	0.9474	0.9474	0.0	0.0	0.9474	0.0	0.9474	0.0	0.0	0.0	0.0	0.0	0.9474	0.0	0.0	0.0	0.0	0.0	0.0	1.7895	0.0	0.9474	0.0	0.0	0.9474	0.0	0.0	0.0	0.0	0.0	0.0	0.0	0.0	0.9474	0.0	0.9474	0.0	0.0	0.0	0.9474	0.9474	0.0	0.0	0.9474	0.0	0.9474	1.7895	0.9474	0.0	0.0	1.8947	1.8947	1.8947	1.8947	2.8421	0.9474	0.0	0.0	0.0	0.0	0.9474	0.9474	0.9474	0.0	1.7895	0.0	0.0	0.0	2.7368	0.9474	0.9474	0.0	0.9474	0.0	2.8421
ko00561	0.0	0.25	0.25	0.25	0.25	0.0	0.0	0.2188	0.0	0.0	0.0	0.0	0.0	0.0	0.2188	0.2188	0.25	0.0	0.0	0.25	0.0	0.25	0.0	0.0	0.0	0.0	0.0	0.2188	0.0	0.0	0.0	0.0	0.0	0.0	0.4688	0.0	0.25	0.0	0.0	0.25	0.0	0.0	0.0	0.0	0.0	0.0	0.0	0.0	0.2188	0.0	0.25	0.0	0.0	0.0	0.2188	0.2188	0.0	0.0	0.2188	0.0	0.25	0.4688	0.25	0.0	0.0	0.5	0.4375	0.4375	0.4375	0.6562	0.25	0.0	0.0	0.0	0.0	0.2188	0.2188	0.25	0.0	0.4688	0.0	0.0	0.0	0.7188	0.25	0.2188	0.0	0.2188	0.0	0.6562
ko00564	0.0	0.3	0.3	0.3	0.3	0.0	0.0	0.3	0.0	0.0	0.0	0.0	0.0	0.0	0.3	0.3	0.3	0.0	0.0	0.3	0.0	0.3	0.0	0.0	0.0	0.0	0.0	0.3	0.0	0.0	0.0	0.0	0.0	0.0	0.6	0.0	0.3	0.0	0.0	0.3	0.0	0.0	0.0	0.0	0.0	0.0	0.0	0.0	0.3	0.0	0.3	0.0	0.0	0.0	0.3	0.3	0.0	0.0	0.3	0.0	0.3	0.6	0.3	0.0	0.0	0.6	0.6	0.6	0.6	0.9	0.3	0.0	0.0	0.0	0.0	0.3	0.3	0.3	0.0	0.6	0.0	0.0	0.0	0.9	0.3	0.3	0.0	0.3	0.0	0.9
ko00620	0.0	0.6486	0.6486	0.6486	0.6486	0.0	0.0	0.8649	0.0	0.0	0.0	0.0	0.0	0.0	0.8649	0.8649	0.6486	0.0	0.0	0.6486	0.0	0.6486	0.0	0.0	0.0	0.0	0.0	0.8649	0.0	0.0	0.0	0.0	0.0	0.0	1.5135	0.0	0.6486	0.0	0.0	0.6486	0.0	0.0	0.0	0.0	0.0	0.0	0.0	0.0	0.8649	0.0	0.6486	0.0	0.0	0.0	0.8649	0.8649	0.0	0.0	0.8649	0.0	0.6486	1.5135	0.6486	0.0	0.0	1.2973	1.7297	1.7297	1.7297	2.5946	0.6486	0.0	0.0	0.0	0.0	0.8649	0.8649	0.6486	0.0	1.5135	0.0	0.0	0.0	2.1622	0.6486	0.8649	0.0	0.8649	0.0	2.5946
ko00627	0.0	0.0667	0.0667	0.0667	0.0667	0.0	0.0	0.0	0.0	0.0	0.0	0.0	0.0	0.0	0.0	0.0	0.0667	0.0	0.0	0.0667	0.0	0.0667	0.0	0.0	0.0	0.0	0.0	0.0	0.0	0.0	0.0	0.0	0.0	0.0	0.2	0.0	0.0667	0.0	0.0	0.0667	0.0	0.0	0.0	0.0	0.0	0.0	0.0	0.0	0.0	0.0	0.0667	0.0	0.0	0.0	0.0	0.0	0.0	0.0	0.0	0.0	0.0667	0.2	0.0667	0.0	0.0	0.1333	0.0	0.0	0.0	0.0	0.0667	0.0	0.0	0.0	0.0	0.0	0.0	0.0667	0.0	0.2	0.0	0.0	0.0	0.2667	0.0667	0.0	0.0	0.0	0.0	0.0
ko00630	0.0	0.4242	0.4242	0.4242	0.4242	0.0	0.0	0.4848	0.0	0.0	0.0	0.0	0.0	0.0	0.4848	0.4848	0.4242	0.0	0.0	0.4242	0.0	0.4242	0.0	0.0	0.0	0.0	0.0	0.4848	0.0	0.0	0.0	0.0	0.0	0.0	0.9091	0.0	0.4242	0.0	0.0	0.4242	0.0	0.0	0.0	0.0	0.0	0.0	0.0	0.0	0.4848	0.0	0.4242	0.0	0.0	0.0	0.4848	0.4848	0.0	0.0	0.4848	0.0	0.4242	0.9091	0.4242	0.0	0.0	0.8485	0.9697	0.9697	0.9697	1.4545	0.4242	0.0	0.0	0.0	0.0	0.4848	0.4848	0.4242	0.0	0.9091	0.0	0.0	0.0	1.3333	0.4242	0.4848	0.0	0.4848	0.0	1.4545
ko00640	0.0	0.0	0.0	0.0	0.0	0.0	0.0	0.7576	0.0	0.0	0.0	0.0	0.0	0.0	0.7576	0.7576	0.0	0.0	0.0	0.0	0.0	0.0	0.0	0.0	0.0	0.0	0.0	0.7576	0.0	0.0	0.0	0.0	0.0	0.0	1.2727	0.0	0.0	0.0	0.0	0.0	0.0	0.0	0.0	0.0	0.0	0.0	0.0	0.0	0.7576	0.0	0.0	0.0	0.0	0.0	0.7576	0.7576	0.0	0.0	0.7576	0.0	0.0	1.2727	0.0	0.0	0.0	0.0	1.5152	1.5152	1.5152	2.2727	0.0	0.0	0.0	0.0	0.0	0.7576	0.7576	0.0	0.0	1.2727	0.0	0.0	0.0	1.7879	0.0	0.7576	0.0	0.7576	0.0	2.2727
ko00650	0.0	0.0	0.0	0.0	0.0	0.0	0.0	0.5714	0.0	0.0	0.0	0.0	0.0	0.0	0.5714	0.5714	0.0	0.0	0.0	0.0	0.0	0.0	0.0	0.0	0.0	0.0	0.0	0.5714	0.0	0.0	0.0	0.0	0.0	0.0	0.9143	0.0	0.0	0.0	0.0	0.0	0.0	0.0	0.0	0.0	0.0	0.0	0.0	0.0	0.5714	0.0	0.0	0.0	0.0	0.0	0.5714	0.5714	0.0	0.0	0.5714	0.0	0.0	0.9143	0.0	0.0	0.0	0.0	1.1429	1.1429	1.1429	1.7143	0.0	0.0	0.0	0.0	0.0	0.5714	0.5714	0.0	0.0	0.9143	0.0	0.0	0.0	1.2571	0.0	0.5714	0.0	0.5714	0.0	1.7143
ko00660	0.0	1.0	1.0	1.0	1.0	0.0	0.0	1.1667	0.0	0.0	0.0	0.0	0.0	0.0	1.1667	1.1667	1.0	0.0	0.0	1.0	0.0	1.0	0.0	0.0	0.0	0.0	0.0	1.1667	0.0	0.0	0.0	0.0	0.0	0.0	2.1667	0.0	1.0	0.0	0.0	1.0	0.0	0.0	0.0	0.0	0.0	0.0	0.0	0.0	1.1667	0.0	1.0	0.0	0.0	0.0	1.1667	1.1667	0.0	0.0	1.1667	0.0	1.0	2.1667	1.0	0.0	0.0	2.0	2.3333	2.3333	2.3333	3.5	1.0	0.0	0.0	0.0	0.0	1.1667	1.1667	1.0	0.0	2.1667	0.0	0.0	0.0	3.1667	1.0	1.1667	0.0	1.1667	0.0	3.5
ko00670	0.0	0.7143	0.7143	0.7143	0.7143	0.0	0.0	0.9286	0.0	0.0	0.0	0.0	0.0	0.0	0.9286	0.9286	0.7143	0.0	0.0	0.7143	0.0	0.7143	0.0	0.0	0.0	0.0	0.0	0.9286	0.0	0.0	0.0	0.0	0.0	0.0	1.6429	0.0	0.7143	0.0	0.0	0.7143	0.0	0.0	0.0	0.0	0.0	0.0	0.0	0.0	0.9286	0.0	0.7143	0.0	0.0	0.0	0.9286	0.9286	0.0	0.0	0.9286	0.0	0.7143	1.6429	0.7143	0.0	0.0	1.4286	1.8571	1.8571	1.8571	2.7857	0.7143	0.0	0.0	0.0	0.0	0.9286	0.9286	0.7143	0.0	1.6429	0.0	0.0	0.0	2.3571	0.7143	0.9286	0.0	0.9286	0.0	2.7857
ko00680	0.0	0.1613	0.1613	0.1613	0.1613	0.0	0.0	0.2151	0.0	0.0	0.0	0.0	0.0	0.0	0.2151	0.2151	0.1613	0.0	0.0	0.1613	0.0	0.1613	0.0	0.0	0.0	0.0	0.0	0.2151	0.0	0.0	0.0	0.0	0.0	0.0	0.3763	0.0	0.1613	0.0	0.0	0.1613	0.0	0.0	0.0	0.0	0.0	0.0	0.0	0.0	0.2151	0.0	0.1613	0.0	0.0	0.0	0.2151	0.2151	0.0	0.0	0.2151	0.0	0.1613	0.3763	0.1613	0.0	0.0	0.3226	0.4301	0.4301	0.4301	0.6452	0.1613	0.0	0.0	0.0	0.0	0.2151	0.2151	0.1613	0.0	0.3763	0.0	0.0	0.0	0.5376	0.1613	0.2151	0.0	0.2151	0.0	0.6452
ko00720	0.0	0.7353	0.7353	0.7353	0.7353	0.0	0.0	0.0	0.0	0.0	0.0	0.0	0.0	0.0	0.0	0.0	0.7353	0.0	0.0	0.7353	0.0	0.7353	0.0	0.0	0.0	0.0	0.0	0.0	0.0	0.0	0.0	0.0	0.0	0.0	0.0	0.0	0.7353	0.0	0.0	0.7353	0.0	0.0	0.0	0.0	0.0	0.0	0.0	0.0	0.0	0.0	0.7353	0.0	0.0	0.0	0.0	0.0	0.0	0.0	0.0	0.0	0.7353	0.0	0.7353	0.0	0.0	1.4706	0.0	0.0	0.0	0.0	0.7353	0.0	0.0	0.0	0.0	0.0	0.0	0.7353	0.0	0.0	0.0	0.0	0.0	0.0	0.7353	0.0	0.0	0.0	0.0	0.0
ko00730	0.0	0.9091	0.9091	0.9091	0.9091	0.0	0.0	0.8182	0.0	0.0	0.0	0.0	0.0	0.0	0.8182	0.8182	0.9091	0.0	0.0	0.9091	0.0	0.9091	0.0	0.0	0.0	0.0	0.0	0.8182	0.0	0.0	0.0	0.0	0.0	0.0	1.7273	0.0	0.9091	0.0	0.0	0.9091	0.0	0.0	0.0	0.0	0.0	0.0	0.0	0.0	0.8182	0.0	0.9091	0.0	0.0	0.0	0.8182	0.8182	0.0	0.0	0.8182	0.0	0.9091	1.7273	0.9091	0.0	0.0	1.8182	1.6364	1.6364	1.6364	2.4545	0.9091	0.0	0.0	0.0	0.0	0.8182	0.8182	0.9091	0.0	1.7273	0.0	0.0	0.0	2.6364	0.9091	0.8182	0.0	0.8182	0.0	2.4545
ko00740	0.0	0.5	0.5	0.5	0.5	0.0	0.0	0.4167	0.0	0.0	0.0	0.0	0.0	0.0	0.4167	0.4167	0.5	0.0	0.0	0.5	0.0	0.5	0.0	0.0	0.0	0.0	0.0	0.4167	0.0	0.0	0.0	0.0	0.0	0.0	0.9167	0.0	0.5	0.0	0.0	0.5	0.0	0.0	0.0	0.0	0.0	0.0	0.0	0.0	0.4167	0.0	0.5	0.0	0.0	0.0	0.4167	0.4167	0.0	0.0	0.4167	0.0	0.5	0.9167	0.5	0.0	0.0	1.0	0.8333	0.8333	0.8333	1.25	0.5	0.0	0.0	0.0	0.0	0.4167	0.4167	0.5	0.0	0.9167	0.0	0.0	0.0	1.4167	0.5	0.4167	0.0	0.4167	0.0	1.25
ko00750	0.0	0.5	0.5	0.5	0.5	0.0	0.0	0.875	0.0	0.0	0.0	0.0	0.0	0.0	0.875	0.875	0.5	0.0	0.0	0.5	0.0	0.5	0.0	0.0	0.0	0.0	0.0	0.875	0.0	0.0	0.0	0.0	0.0	0.0	1.25	0.0	0.5	0.0	0.0	0.5	0.0	0.0	0.0	0.0	0.0	0.0	0.0	0.0	0.875	0.0	0.5	0.0	0.0	0.0	0.875	0.875	0.0	0.0	0.875	0.0	0.5	1.25	0.5	0.0	0.0	1.0	1.75	1.75	1.75	2.625	0.5	0.0	0.0	0.0	0.0	0.875	0.875	0.5	0.0	1.25	0.0	0.0	0.0	1.75	0.5	0.875	0.0	0.875	0.0	2.625
ko00760	0.0	0.5	0.5	0.5	0.5	0.0	0.0	0.6667	0.0	0.0	0.0	0.0	0.0	0.0	0.6667	0.6667	0.5	0.0	0.0	0.5	0.0	0.5	0.0	0.0	0.0	0.0	0.0	0.6667	0.0	0.0	0.0	0.0	0.0	0.0	1.1667	0.0	0.5	0.0	0.0	0.5	0.0	0.0	0.0	0.0	0.0	0.0	0.0	0.0	0.6667	0.0	0.5	0.0	0.0	0.0	0.6667	0.6667	0.0	0.0	0.6667	0.0	0.5	1.1667	0.5	0.0	0.0	1.0	1.3333	1.3333	1.3333	2.0	0.5	0.0	0.0	0.0	0.0	0.6667	0.6667	0.5	0.0	1.1667	0.0	0.0	0.0	1.6667	0.5	0.6667	0.0	0.6667	0.0	2.0
ko00770	0.0	0.9333	0.9333	0.9333	0.9333	0.0	0.0	0.9333	0.0	0.0	0.0	0.0	0.0	0.0	0.9333	0.9333	0.9333	0.0	0.0	0.9333	0.0	0.9333	0.0	0.0	0.0	0.0	0.0	0.9333	0.0	0.0	0.0	0.0	0.0	0.0	1.8667	0.0	0.9333	0.0	0.0	0.9333	0.0	0.0	0.0	0.0	0.0	0.0	0.0	0.0	0.9333	0.0	0.9333	0.0	0.0	0.0	0.9333	0.9333	0.0	0.0	0.9333	0.0	0.9333	1.8667	0.9333	0.0	0.0	1.8667	1.8667	1.8667	1.8667	2.8	0.9333	0.0	0.0	0.0	0.0	0.9333	0.9333	0.9333	0.0	1.8667	0.0	0.0	0.0	2.8	0.9333	0.9333	0.0	0.9333	0.0	2.8
ko00780	0.0	0.4	0.4	0.4	0.4	0.0	0.0	1.0	0.0	0.0	0.0	0.0	0.0	0.0	1.0	1.0	0.4	0.0	0.0	0.4	0.0	0.4	0.0	0.0	0.0	0.0	0.0	1.0	0.0	0.0	0.0	0.0	0.0	0.0	1.4	0.0	0.4	0.0	0.0	0.4	0.0	0.0	0.0	0.0	0.0	0.0	0.0	0.0	1.0	0.0	0.4	0.0	0.0	0.0	1.0	1.0	0.0	0.0	1.0	0.0	0.4	1.4	0.4	0.0	0.0	0.8	2.0	2.0	2.0	3.0	0.4	0.0	0.0	0.0	0.0	1.0	1.0	0.4	0.0	1.4	0.0	0.0	0.0	1.8	0.4	1.0	0.0	1.0	0.0	3.0
ko00785	0.0	0.5	0.5	0.5	0.5	0.0	0.0	1.0	0.0	0.0	0.0	0.0	0.0	0.0	1.0	1.0	0.5	0.0	0.0	0.5	0.0	0.5	0.0	0.0	0.0	0.0	0.0	1.0	0.0	0.0	0.0	0.0	0.0	0.0	1.0	0.0	0.5	0.0	0.0	0.5	0.0	0.0	0.0	0.0	0.0	0.0	0.0	0.0	1.0	0.0	0.5	0.0	0.0	0.0	1.0	1.0	0.0	0.0	1.0	0.0	0.5	1.0	0.5	0.0	0.0	1.0	2.0	2.0	2.0	3.0	0.5	0.0	0.0	0.0	0.0	1.0	1.0	0.5	0.0	1.0	0.0	0.0	0.0	1.5	0.5	1.0	0.0	1.0	0.0	3.0
ko00790	0.0	0.5833	0.5833	0.5833	0.5833	0.0	0.0	0.75	0.0	0.0	0.0	0.0	0.0	0.0	0.75	0.75	0.5833	0.0	0.0	0.5833	0.0	0.5833	0.0	0.0	0.0	0.0	0.0	0.75	0.0	0.0	0.0	0.0	0.0	0.0	1.3333	0.0	0.5833	0.0	0.0	0.5833	0.0	0.0	0.0	0.0	0.0	0.0	0.0	0.0	0.75	0.0	0.5833	0.0	0.0	0.0	0.75	0.75	0.0	0.0	0.75	0.0	0.5833	1.3333	0.5833	0.0	0.0	1.1667	1.5	1.5	1.5	2.25	0.5833	0.0	0.0	0.0	0.0	0.75	0.75	0.5833	0.0	1.3333	0.0	0.0	0.0	1.9167	0.5833	0.75	0.0	0.75	0.0	2.25
ko00860	0.0	0.566	0.566	0.566	0.566	0.0	0.0	0.283	0.0	0.0	0.0	0.0	0.0	0.0	0.283	0.283	0.566	0.0	0.0	0.566	0.0	0.566	0.0	0.0	0.0	0.0	0.0	0.283	0.0	0.0	0.0	0.0	0.0	0.0	0.8491	0.0	0.566	0.0	0.0	0.566	0.0	0.0	0.0	0.0	0.0	0.0	0.0	0.0	0.283	0.0	0.566	0.0	0.0	0.0	0.283	0.283	0.0	0.0	0.283	0.0	0.566	0.8491	0.566	0.0	0.0	1.1321	0.566	0.566	0.566	0.8491	0.566	0.0	0.0	0.0	0.0	0.283	0.283	0.566	0.0	0.8491	0.0	0.0	0.0	1.4151	0.566	0.283	0.0	0.283	0.0	0.8491
ko00900	0.0	0.6667	0.6667	0.6667	0.6667	0.0	0.0	0.8333	0.0	0.0	0.0	0.0	0.0	0.0	0.8333	0.8333	0.6667	0.0	0.0	0.6667	0.0	0.6667	0.0	0.0	0.0	0.0	0.0	0.8333	0.0	0.0	0.0	0.0	0.0	0.0	1.5	0.0	0.6667	0.0	0.0	0.6667	0.0	0.0	0.0	0.0	0.0	0.0	0.0	0.0	0.8333	0.0	0.6667	0.0	0.0	0.0	0.8333	0.8333	0.0	0.0	0.8333	0.0	0.6667	1.5	0.6667	0.0	0.0	1.3333	1.6667	1.6667	1.6667	2.5	0.6667	0.0	0.0	0.0	0.0	0.8333	0.8333	0.6667	0.0	1.5	0.0	0.0	0.0	2.1667	0.6667	0.8333	0.0	0.8333	0.0	2.5
ko00908	0.0	0.25	0.25	0.25	0.25	0.0	0.0	0.25	0.0	0.0	0.0	0.0	0.0	0.0	0.25	0.25	0.25	0.0	0.0	0.25	0.0	0.25	0.0	0.0	0.0	0.0	0.0	0.25	0.0	0.0	0.0	0.0	0.0	0.0	0.5	0.0	0.25	0.0	0.0	0.25	0.0	0.0	0.0	0.0	0.0	0.0	0.0	0.0	0.25	0.0	0.25	0.0	0.0	0.0	0.25	0.25	0.0	0.0	0.25	0.0	0.25	0.5	0.25	0.0	0.0	0.5	0.5	0.5	0.5	0.75	0.25	0.0	0.0	0.0	0.0	0.25	0.25	0.25	0.0	0.5	0.0	0.0	0.0	0.75	0.25	0.25	0.0	0.25	0.0	0.75
ko00910	0.0	0.3	0.3	0.3	0.3	0.0	0.0	0.32	0.0	0.0	0.0	0.0	0.0	0.0	0.32	0.32	0.3	0.0	0.0	0.3	0.0	0.3	0.0	0.0	0.0	0.0	0.0	0.32	0.0	0.0	0.0	0.0	0.0	0.0	0.62	0.0	0.3	0.0	0.0	0.3	0.0	0.0	0.0	0.0	0.0	0.0	0.0	0.0	0.32	0.0	0.3	0.0	0.0	0.0	0.32	0.32	0.0	0.0	0.32	0.0	0.3	0.62	0.3	0.0	0.0	0.6	0.64	0.64	0.64	0.96	0.3	0.0	0.0	0.0	0.0	0.32	0.32	0.3	0.0	0.62	0.0	0.0	0.0	0.92	0.3	0.32	0.0	0.32	0.0	0.96
ko00920	0.0	0.375	0.375	0.375	0.375	0.0	0.0	0.625	0.0	0.0	0.0	0.0	0.0	0.0	0.625	0.625	0.375	0.0	0.0	0.375	0.0	0.375	0.0	0.0	0.0	0.0	0.0	0.625	0.0	0.0	0.0	0.0	0.0	0.0	1.0	0.0	0.375	0.0	0.0	0.375	0.0	0.0	0.0	0.0	0.0	0.0	0.0	0.0	0.625	0.0	0.375	0.0	0.0	0.0	0.625	0.625	0.0	0.0	0.625	0.0	0.375	1.0	0.375	0.0	0.0	0.75	1.25	1.25	1.25	1.875	0.375	0.0	0.0	0.0	0.0	0.625	0.625	0.375	0.0	1.0	0.0	0.0	0.0	1.375	0.375	0.625	0.0	0.625	0.0	1.875
ko00970	0.0	0.8438	0.8438	0.8438	0.8438	0.0	0.0	0.8125	0.0	0.0	0.0	0.0	0.0	0.0	0.8125	0.8125	0.8438	0.0	0.0	0.8438	0.0	0.8438	0.0	0.0	0.0	0.0	0.0	0.8125	0.0	0.0	0.0	0.0	0.0	0.0	1.6562	0.0	0.8438	0.0	0.0	0.8438	0.0	0.0	0.0	0.0	0.0	0.0	0.0	0.0	0.8125	0.0	0.8438	0.0	0.0	0.0	0.8125	0.8125	0.0	0.0	0.8125	0.0	0.8438	1.6562	0.8438	0.0	0.0	1.6875	1.625	1.625	1.625	2.4375	0.8438	0.0	0.0	0.0	0.0	0.8125	0.8125	0.8438	0.0	1.6562	0.0	0.0	0.0	2.5	0.8438	0.8125	0.0	0.8125	0.0	2.4375
ko00983	0.0	0.0	0.0	0.0	0.0	0.0	0.0	0.4545	0.0	0.0	0.0	0.0	0.0	0.0	0.4545	0.4545	0.0	0.0	0.0	0.0	0.0	0.0	0.0	0.0	0.0	0.0	0.0	0.4545	0.0	0.0	0.0	0.0	0.0	0.0	1.0	0.0	0.0	0.0	0.0	0.0	0.0	0.0	0.0	0.0	0.0	0.0	0.0	0.0	0.4545	0.0	0.0	0.0	0.0	0.0	0.4545	0.4545	0.0	0.0	0.4545	0.0	0.0	1.0	0.0	0.0	0.0	0.0	0.9091	0.9091	0.9091	1.3636	0.0	0.0	0.0	0.0	0.0	0.4545	0.4545	0.0	0.0	1.0	0.0	0.0	0.0	1.5455	0.0	0.4545	0.0	0.4545	0.0	1.3636
ko01040	0.0	0.0	0.0	0.0	0.0	0.0	0.0	0.5333	0.0	0.0	0.0	0.0	0.0	0.0	0.5333	0.5333	0.0	0.0	0.0	0.0	0.0	0.0	0.0	0.0	0.0	0.0	0.0	0.5333	0.0	0.0	0.0	0.0	0.0	0.0	0.7333	0.0	0.0	0.0	0.0	0.0	0.0	0.0	0.0	0.0	0.0	0.0	0.0	0.0	0.5333	0.0	0.0	0.0	0.0	0.0	0.5333	0.5333	0.0	0.0	0.5333	0.0	0.0	0.7333	0.0	0.0	0.0	0.0	1.0667	1.0667	1.0667	1.6	0.0	0.0	0.0	0.0	0.0	0.5333	0.5333	0.0	0.0	0.7333	0.0	0.0	0.0	0.9333	0.0	0.5333	0.0	0.5333	0.0	1.6
ko01051	0.0	1.0	1.0	1.0	1.0	0.0	0.0	1.0	0.0	0.0	0.0	0.0	0.0	0.0	1.0	1.0	1.0	0.0	0.0	1.0	0.0	1.0	0.0	0.0	0.0	0.0	0.0	1.0	0.0	0.0	0.0	0.0	0.0	0.0	2.0	0.0	1.0	0.0	0.0	1.0	0.0	0.0	0.0	0.0	0.0	0.0	0.0	0.0	1.0	0.0	1.0	0.0	0.0	0.0	1.0	1.0	0.0	0.0	1.0	0.0	1.0	2.0	1.0	0.0	0.0	2.0	2.0	2.0	2.0	3.0	1.0	0.0	0.0	0.0	0.0	1.0	1.0	1.0	0.0	2.0	0.0	0.0	0.0	3.0	1.0	1.0	0.0	1.0	0.0	3.0
ko01055	0.0	1.0	1.0	1.0	1.0	0.0	0.0	1.0	0.0	0.0	0.0	0.0	0.0	0.0	1.0	1.0	1.0	0.0	0.0	1.0	0.0	1.0	0.0	0.0	0.0	0.0	0.0	1.0	0.0	0.0	0.0	0.0	0.0	0.0	2.0	0.0	1.0	0.0	0.0	1.0	0.0	0.0	0.0	0.0	0.0	0.0	0.0	0.0	1.0	0.0	1.0	0.0	0.0	0.0	1.0	1.0	0.0	0.0	1.0	0.0	1.0	2.0	1.0	0.0	0.0	2.0	2.0	2.0	2.0	3.0	1.0	0.0	0.0	0.0	0.0	1.0	1.0	1.0	0.0	2.0	0.0	0.0	0.0	3.0	1.0	1.0	0.0	1.0	0.0	3.0
ko02010	0.0	0.3742	0.3742	0.3742	0.3742	0.0	0.0	0.3742	0.0	0.0	0.0	0.0	0.0	0.0	0.3742	0.3742	0.3742	0.0	0.0	0.3742	0.0	0.3742	0.0	0.0	0.0	0.0	0.0	0.3742	0.0	0.0	0.0	0.0	0.0	0.0	0.7485	0.0	0.3742	0.0	0.0	0.3742	0.0	0.0	0.0	0.0	0.0	0.0	0.0	0.0	0.3742	0.0	0.3742	0.0	0.0	0.0	0.3742	0.3742	0.0	0.0	0.3742	0.0	0.3742	0.7485	0.3742	0.0	0.0	0.7485	0.7485	0.7485	0.7485	1.1227	0.3742	0.0	0.0	0.0	0.0	0.3742	0.3742	0.3742	0.0	0.7485	0.0	0.0	0.0	1.1227	0.3742	0.3742	0.0	0.3742	0.0	1.1227
ko02020	0.0	0.2609	0.2609	0.2609	0.2609	0.0	0.0	0.3665	0.0	0.0	0.0	0.0	0.0	0.0	0.3665	0.3665	0.2609	0.0	0.0	0.2609	0.0	0.2609	0.0	0.0	0.0	0.0	0.0	0.3665	0.0	0.0	0.0	0.0	0.0	0.0	0.6273	0.0	0.2609	0.0	0.0	0.2609	0.0	0.0	0.0	0.0	0.0	0.0	0.0	0.0	0.3665	0.0	0.2609	0.0	0.0	0.0	0.3665	0.3665	0.0	0.0	0.3665	0.0	0.2609	0.6273	0.2609	0.0	0.0	0.5217	0.7329	0.7329	0.7329	1.0994	0.2609	0.0	0.0	0.0	0.0	0.3665	0.3665	0.2609	0.0	0.6273	0.0	0.0	0.0	0.8882	0.2609	0.3665	0.0	0.3665	0.0	1.0994
ko02030	0.0	1.6154	1.6154	1.6154	1.6154	0.0	0.0	1.6154	0.0	0.0	0.0	0.0	0.0	0.0	1.6154	1.6154	1.6154	0.0	0.0	1.6154	0.0	1.6154	0.0	0.0	0.0	0.0	0.0	1.6154	0.0	0.0	0.0	0.0	0.0	0.0	3.0769	0.0	1.6154	0.0	0.0	1.6154	0.0	0.0	0.0	0.0	0.0	0.0	0.0	0.0	1.6154	0.0	1.6154	0.0	0.0	0.0	1.6154	1.6154	0.0	0.0	1.6154	0.0	1.6154	3.0769	1.6154	0.0	0.0	3.2308	3.2308	3.2308	3.2308	4.8462	1.6154	0.0	0.0	0.0	0.0	1.6154	1.6154	1.6154	0.0	3.0769	0.0	0.0	0.0	4.6923	1.6154	1.6154	0.0	1.6154	0.0	4.8462
ko02040	0.0	1.0952	1.0952	1.0952	1.0952	0.0	0.0	1.0952	0.0	0.0	0.0	0.0	0.0	0.0	1.0952	1.0952	1.0952	0.0	0.0	1.0952	0.0	1.0952	0.0	0.0	0.0	0.0	0.0	1.0952	0.0	0.0	0.0	0.0	0.0	0.0	2.1905	0.0	1.0952	0.0	0.0	1.0952	0.0	0.0	0.0	0.0	0.0	0.0	0.0	0.0	1.0952	0.0	1.0952	0.0	0.0	0.0	1.0952	1.0952	0.0	0.0	1.0952	0.0	1.0952	2.1905	1.0952	0.0	0.0	2.1905	2.1905	2.1905	2.1905	3.2857	1.0952	0.0	0.0	0.0	0.0	1.0952	1.0952	1.0952	0.0	2.1905	0.0	0.0	0.0	3.2857	1.0952	1.0952	0.0	1.0952	0.0	3.2857
ko02060	0.0	0.0789	0.0789	0.0789	0.0789	0.0	0.0	0.0526	0.0	0.0	0.0	0.0	0.0	0.0	0.0526	0.0526	0.0789	0.0	0.0	0.0789	0.0	0.0789	0.0	0.0	0.0	0.0	0.0	0.0526	0.0	0.0	0.0	0.0	0.0	0.0	0.1316	0.0	0.0789	0.0	0.0	0.0789	0.0	0.0	0.0	0.0	0.0	0.0	0.0	0.0	0.0526	0.0	0.0789	0.0	0.0	0.0	0.0526	0.0526	0.0	0.0	0.0526	0.0	0.0789	0.1316	0.0789	0.0	0.0	0.1579	0.1053	0.1053	0.1053	0.1579	0.0789	0.0	0.0	0.0	0.0	0.0526	0.0526	0.0789	0.0	0.1316	0.0	0.0	0.0	0.2105	0.0789	0.0526	0.0	0.0526	0.0	0.1579
ko03008	0.0	0.0244	0.0244	0.0244	0.0244	0.0	0.0	0.0488	0.0	0.0	0.0	0.0	0.0	0.0	0.0488	0.0488	0.0244	0.0	0.0	0.0244	0.0	0.0244	0.0	0.0	0.0	0.0	0.0	0.0488	0.0	0.0	0.0	0.0	0.0	0.0	0.0732	0.0	0.0244	0.0	0.0	0.0244	0.0	0.0	0.0	0.0	0.0	0.0	0.0	0.0	0.0488	0.0	0.0244	0.0	0.0	0.0	0.0488	0.0488	0.0	0.0	0.0488	0.0	0.0244	0.0732	0.0244	0.0	0.0	0.0488	0.0976	0.0976	0.0976	0.1463	0.0244	0.0	0.0	0.0	0.0	0.0488	0.0488	0.0244	0.0	0.0732	0.0	0.0	0.0	0.0976	0.0244	0.0488	0.0	0.0488	0.0	0.1463
ko03010	0.0	0.7639	0.7639	0.7639	0.7639	0.0	0.0	0.75	0.0	0.0	0.0	0.0	0.0	0.0	0.75	0.75	0.7639	0.0	0.0	0.7639	0.0	0.7639	0.0	0.0	0.0	0.0	0.0	0.75	0.0	0.0	0.0	0.0	0.0	0.0	1.5139	0.0	0.7639	0.0	0.0	0.7639	0.0	0.0	0.0	0.0	0.0	0.0	0.0	0.0	0.75	0.0	0.7639	0.0	0.0	0.0	0.75	0.75	0.0	0.0	0.75	0.0	0.7639	1.5139	0.7639	0.0	0.0	1.5278	1.5	1.5	1.5	2.25	0.7639	0.0	0.0	0.0	0.0	0.75	0.75	0.7639	0.0	1.5139	0.0	0.0	0.0	2.2778	0.7639	0.75	0.0	0.75	0.0	2.25
ko03013	0.0	0.0152	0.0152	0.0152	0.0152	0.0	0.0	0.0303	0.0	0.0	0.0	0.0	0.0	0.0	0.0303	0.0303	0.0152	0.0	0.0	0.0152	0.0	0.0152	0.0	0.0	0.0	0.0	0.0	0.0303	0.0	0.0	0.0	0.0	0.0	0.0	0.0455	0.0	0.0152	0.0	0.0	0.0152	0.0	0.0	0.0	0.0	0.0	0.0	0.0	0.0	0.0303	0.0	0.0152	0.0	0.0	0.0	0.0303	0.0303	0.0	0.0	0.0303	0.0	0.0152	0.0455	0.0152	0.0	0.0	0.0303	0.0606	0.0606	0.0606	0.0909	0.0152	0.0	0.0	0.0	0.0	0.0303	0.0303	0.0152	0.0	0.0455	0.0	0.0	0.0	0.0606	0.0152	0.0303	0.0	0.0303	0.0	0.0909
ko03018	0.0	0.3421	0.3421	0.3421	0.3421	0.0	0.0	0.3947	0.0	0.0	0.0	0.0	0.0	0.0	0.3947	0.3947	0.3421	0.0	0.0	0.3421	0.0	0.3421	0.0	0.0	0.0	0.0	0.0	0.3947	0.0	0.0	0.0	0.0	0.0	0.0	0.7368	0.0	0.3421	0.0	0.0	0.3421	0.0	0.0	0.0	0.0	0.0	0.0	0.0	0.0	0.3947	0.0	0.3421	0.0	0.0	0.0	0.3947	0.3947	0.0	0.0	0.3947	0.0	0.3421	0.7368	0.3421	0.0	0.0	0.6842	0.7895	0.7895	0.7895	1.1842	0.3421	0.0	0.0	0.0	0.0	0.3947	0.3947	0.3421	0.0	0.7368	0.0	0.0	0.0	1.0789	0.3421	0.3947	0.0	0.3947	0.0	1.1842
ko03020	0.0	0.7	0.7	0.7	0.7	0.0	0.0	0.4333	0.0	0.0	0.0	0.0	0.0	0.0	0.4333	0.4333	0.7	0.0	0.0	0.7	0.0	0.7	0.0	0.0	0.0	0.0	0.0	0.4333	0.0	0.0	0.0	0.0	0.0	0.0	1.1333	0.0	0.7	0.0	0.0	0.7	0.0	0.0	0.0	0.0	0.0	0.0	0.0	0.0	0.4333	0.0	0.7	0.0	0.0	0.0	0.4333	0.4333	0.0	0.0	0.4333	0.0	0.7	1.1333	0.7	0.0	0.0	1.4	0.8667	0.8667	0.8667	1.3	0.7	0.0	0.0	0.0	0.0	0.4333	0.4333	0.7	0.0	1.1333	0.0	0.0	0.0	1.8333	0.7	0.4333	0.0	0.4333	0.0	1.3
ko03030	0.0	0.5385	0.5385	0.5385	0.5385	0.0	0.0	0.5769	0.0	0.0	0.0	0.0	0.0	0.0	0.5769	0.5769	0.5385	0.0	0.0	0.5385	0.0	0.5385	0.0	0.0	0.0	0.0	0.0	0.5769	0.0	0.0	0.0	0.0	0.0	0.0	1.1154	0.0	0.5385	0.0	0.0	0.5385	0.0	0.0	0.0	0.0	0.0	0.0	0.0	0.0	0.5769	0.0	0.5385	0.0	0.0	0.0	0.5769	0.5769	0.0	0.0	0.5769	0.0	0.5385	1.1154	0.5385	0.0	0.0	1.0769	1.1538	1.1538	1.1538	1.7308	0.5385	0.0	0.0	0.0	0.0	0.5769	0.5769	0.5385	0.0	1.1154	0.0	0.0	0.0	1.6538	0.5385	0.5769	0.0	0.5769	0.0	1.7308
ko03060	0.0	0.9	0.9	0.9	0.9	0.0	0.0	0.8	0.0	0.0	0.0	0.0	0.0	0.0	0.8	0.8	0.9	0.0	0.0	0.9	0.0	0.9	0.0	0.0	0.0	0.0	0.0	0.8	0.0	0.0	0.0	0.0	0.0	0.0	1.7	0.0	0.9	0.0	0.0	0.9	0.0	0.0	0.0	0.0	0.0	0.0	0.0	0.0	0.8	0.0	0.9	0.0	0.0	0.0	0.8	0.8	0.0	0.0	0.8	0.0	0.9	1.7	0.9	0.0	0.0	1.8	1.6	1.6	1.6	2.4	0.9	0.0	0.0	0.0	0.0	0.8	0.8	0.9	0.0	1.7	0.0	0.0	0.0	2.6	0.9	0.8	0.0	0.8	0.0	2.4
ko03070	0.0	0.0	0.0	0.0	0.0	0.0	0.0	0.7297	0.0	0.0	0.0	0.0	0.0	0.0	0.7297	0.7297	0.0	0.0	0.0	0.0	0.0	0.0	0.0	0.0	0.0	0.0	0.0	0.7297	0.0	0.0	0.0	0.0	0.0	0.0	1.1351	0.0	0.0	0.0	0.0	0.0	0.0	0.0	0.0	0.0	0.0	0.0	0.0	0.0	0.7297	0.0	0.0	0.0	0.0	0.0	0.7297	0.7297	0.0	0.0	0.7297	0.0	0.0	1.1351	0.0	0.0	0.0	0.0	1.4595	1.4595	1.4595	2.1892	0.0	0.0	0.0	0.0	0.0	0.7297	0.7297	0.0	0.0	1.1351	0.0	0.0	0.0	1.5405	0.0	0.7297	0.0	0.7297	0.0	2.1892
ko03410	0.0	0.5238	0.5238	0.5238	0.5238	0.0	0.0	0.4762	0.0	0.0	0.0	0.0	0.0	0.0	0.4762	0.4762	0.5238	0.0	0.0	0.5238	0.0	0.5238	0.0	0.0	0.0	0.0	0.0	0.4762	0.0	0.0	0.0	0.0	0.0	0.0	1.0	0.0	0.5238	0.0	0.0	0.5238	0.0	0.0	0.0	0.0	0.0	0.0	0.0	0.0	0.4762	0.0	0.5238	0.0	0.0	0.0	0.4762	0.4762	0.0	0.0	0.4762	0.0	0.5238	1.0	0.5238	0.0	0.0	1.0476	0.9524	0.9524	0.9524	1.4286	0.5238	0.0	0.0	0.0	0.0	0.4762	0.4762	0.5238	0.0	1.0	0.0	0.0	0.0	1.5238	0.5238	0.4762	0.0	0.4762	0.0	1.4286
ko03420	0.0	0.375	0.375	0.375	0.375	0.0	0.0	0.2917	0.0	0.0	0.0	0.0	0.0	0.0	0.2917	0.2917	0.375	0.0	0.0	0.375	0.0	0.375	0.0	0.0	0.0	0.0	0.0	0.2917	0.0	0.0	0.0	0.0	0.0	0.0	0.6667	0.0	0.375	0.0	0.0	0.375	0.0	0.0	0.0	0.0	0.0	0.0	0.0	0.0	0.2917	0.0	0.375	0.0	0.0	0.0	0.2917	0.2917	0.0	0.0	0.2917	0.0	0.375	0.6667	0.375	0.0	0.0	0.75	0.5833	0.5833	0.5833	0.875	0.375	0.0	0.0	0.0	0.0	0.2917	0.2917	0.375	0.0	0.6667	0.0	0.0	0.0	1.0417	0.375	0.2917	0.0	0.2917	0.0	0.875
ko03430	0.0	0.7826	0.7826	0.7826	0.7826	0.0	0.0	0.7391	0.0	0.0	0.0	0.0	0.0	0.0	0.7391	0.7391	0.7826	0.0	0.0	0.7826	0.0	0.7826	0.0	0.0	0.0	0.0	0.0	0.7391	0.0	0.0	0.0	0.0	0.0	0.0	1.5217	0.0	0.7826	0.0	0.0	0.7826	0.0	0.0	0.0	0.0	0.0	0.0	0.0	0.0	0.7391	0.0	0.7826	0.0	0.0	0.0	0.7391	0.7391	0.0	0.0	0.7391	0.0	0.7826	1.5217	0.7826	0.0	0.0	1.5652	1.4783	1.4783	1.4783	2.2174	0.7826	0.0	0.0	0.0	0.0	0.7391	0.7391	0.7826	0.0	1.5217	0.0	0.0	0.0	2.3043	0.7826	0.7391	0.0	0.7391	0.0	2.2174
ko03440	0.0	0.6667	0.6667	0.6667	0.6667	0.0	0.0	0.7667	0.0	0.0	0.0	0.0	0.0	0.0	0.7667	0.7667	0.6667	0.0	0.0	0.6667	0.0	0.6667	0.0	0.0	0.0	0.0	0.0	0.7667	0.0	0.0	0.0	0.0	0.0	0.0	1.4333	0.0	0.6667	0.0	0.0	0.6667	0.0	0.0	0.0	0.0	0.0	0.0	0.0	0.0	0.7667	0.0	0.6667	0.0	0.0	0.0	0.7667	0.7667	0.0	0.0	0.7667	0.0	0.6667	1.4333	0.6667	0.0	0.0	1.3333	1.5333	1.5333	1.5333	2.3	0.6667	0.0	0.0	0.0	0.0	0.7667	0.7667	0.6667	0.0	1.4333	0.0	0.0	0.0	2.1	0.6667	0.7667	0.0	0.7667	0.0	2.3
ko03450	0.0	0.2	0.2	0.2	0.2	0.0	0.0	0.0	0.0	0.0	0.0	0.0	0.0	0.0	0.0	0.0	0.2	0.0	0.0	0.2	0.0	0.2	0.0	0.0	0.0	0.0	0.0	0.0	0.0	0.0	0.0	0.0	0.0	0.0	0.2	0.0	0.2	0.0	0.0	0.2	0.0	0.0	0.0	0.0	0.0	0.0	0.0	0.0	0.0	0.0	0.2	0.0	0.0	0.0	0.0	0.0	0.0	0.0	0.0	0.0	0.2	0.2	0.2	0.0	0.0	0.4	0.0	0.0	0.0	0.0	0.2	0.0	0.0	0.0	0.0	0.0	0.0	0.2	0.0	0.2	0.0	0.0	0.0	0.4	0.2	0.0	0.0	0.0	0.0	0.0
ko04112	0.0	0.75	0.75	0.75	0.75	0.0	0.0	0.8125	0.0	0.0	0.0	0.0	0.0	0.0	0.8125	0.8125	0.75	0.0	0.0	0.75	0.0	0.75	0.0	0.0	0.0	0.0	0.0	0.8125	0.0	0.0	0.0	0.0	0.0	0.0	1.5625	0.0	0.75	0.0	0.0	0.75	0.0	0.0	0.0	0.0	0.0	0.0	0.0	0.0	0.8125	0.0	0.75	0.0	0.0	0.0	0.8125	0.8125	0.0	0.0	0.8125	0.0	0.75	1.5625	0.75	0.0	0.0	1.5	1.625	1.625	1.625	2.4375	0.75	0.0	0.0	0.0	0.0	0.8125	0.8125	0.75	0.0	1.5625	0.0	0.0	0.0	2.3125	0.75	0.8125	0.0	0.8125	0.0	2.4375
ko04122	0.0	0.9091	0.9091	0.9091	0.9091	0.0	0.0	1.1818	0.0	0.0	0.0	0.0	0.0	0.0	1.1818	1.1818	0.9091	0.0	0.0	0.9091	0.0	0.9091	0.0	0.0	0.0	0.0	0.0	1.1818	0.0	0.0	0.0	0.0	0.0	0.0	2.0909	0.0	0.9091	0.0	0.0	0.9091	0.0	0.0	0.0	0.0	0.0	0.0	0.0	0.0	1.1818	0.0	0.9091	0.0	0.0	0.0	1.1818	1.1818	0.0	0.0	1.1818	0.0	0.9091	2.0909	0.9091	0.0	0.0	1.8182	2.3636	2.3636	2.3636	3.5455	0.9091	0.0	0.0	0.0	0.0	1.1818	1.1818	0.9091	0.0	2.0909	0.0	0.0	0.0	3.0	0.9091	1.1818	0.0	1.1818	0.0	3.5455
ko04141	0.0	0.029	0.029	0.029	0.029	0.0	0.0	0.0	0.0	0.0	0.0	0.0	0.0	0.0	0.0	0.0	0.029	0.0	0.0	0.029	0.0	0.029	0.0	0.0	0.0	0.0	0.0	0.0	0.0	0.0	0.0	0.0	0.0	0.0	0.0435	0.0	0.029	0.0	0.0	0.029	0.0	0.0	0.0	0.0	0.0	0.0	0.0	0.0	0.0	0.0	0.029	0.0	0.0	0.0	0.0	0.0	0.0	0.0	0.0	0.0	0.029	0.0435	0.029	0.0	0.0	0.058	0.0	0.0	0.0	0.0	0.029	0.0	0.0	0.0	0.0	0.0	0.0	0.029	0.0	0.0435	0.0	0.0	0.0	0.0725	0.029	0.0	0.0	0.0	0.0	0.0
ko04146	0.0	0.1143	0.1143	0.1143	0.1143	0.0	0.0	0.1714	0.0	0.0	0.0	0.0	0.0	0.0	0.1714	0.1714	0.1143	0.0	0.0	0.1143	0.0	0.1143	0.0	0.0	0.0	0.0	0.0	0.1714	0.0	0.0	0.0	0.0	0.0	0.0	0.2857	0.0	0.1143	0.0	0.0	0.1143	0.0	0.0	0.0	0.0	0.0	0.0	0.0	0.0	0.1714	0.0	0.1143	0.0	0.0	0.0	0.1714	0.1714	0.0	0.0	0.1714	0.0	0.1143	0.2857	0.1143	0.0	0.0	0.2286	0.3429	0.3429	0.3429	0.5143	0.1143	0.0	0.0	0.0	0.0	0.1714	0.1714	0.1143	0.0	0.2857	0.0	0.0	0.0	0.4	0.1143	0.1714	0.0	0.1714	0.0	0.5143
ko04626	0.0	0.1429	0.1429	0.1429	0.1429	0.0	0.0	0.1429	0.0	0.0	0.0	0.0	0.0	0.0	0.1429	0.1429	0.1429	0.0	0.0	0.1429	0.0	0.1429	0.0	0.0	0.0	0.0	0.0	0.1429	0.0	0.0	0.0	0.0	0.0	0.0	0.2857	0.0	0.1429	0.0	0.0	0.1429	0.0	0.0	0.0	0.0	0.0	0.0	0.0	0.0	0.1429	0.0	0.1429	0.0	0.0	0.0	0.1429	0.1429	0.0	0.0	0.1429	0.0	0.1429	0.2857	0.1429	0.0	0.0	0.2857	0.2857	0.2857	0.2857	0.4286	0.1429	0.0	0.0	0.0	0.0	0.1429	0.1429	0.1429	0.0	0.2857	0.0	0.0	0.0	0.4286	0.1429	0.1429	0.0	0.1429	0.0	0.4286
ko04910	0.0	0.0513	0.0513	0.0513	0.0513	0.0	0.0	0.0	0.0	0.0	0.0	0.0	0.0	0.0	0.0	0.0	0.0513	0.0	0.0	0.0513	0.0	0.0513	0.0	0.0	0.0	0.0	0.0	0.0	0.0	0.0	0.0	0.0	0.0	0.0	0.0513	0.0	0.0513	0.0	0.0	0.0513	0.0	0.0	0.0	0.0	0.0	0.0	0.0	0.0	0.0	0.0	0.0513	0.0	0.0	0.0	0.0	0.0	0.0	0.0	0.0	0.0	0.0513	0.0513	0.0513	0.0	0.0	0.1026	0.0	0.0	0.0	0.0	0.0513	0.0	0.0	0.0	0.0	0.0	0.0	0.0513	0.0	0.0513	0.0	0.0	0.0	0.1026	0.0513	0.0	0.0	0.0	0.0	0.0
ko05111	0.0	0.0	0.0	0.0	0.0	0.0	0.0	0.3333	0.0	0.0	0.0	0.0	0.0	0.0	0.3333	0.3333	0.0	0.0	0.0	0.0	0.0	0.0	0.0	0.0	0.0	0.0	0.0	0.3333	0.0	0.0	0.0	0.0	0.0	0.0	0.4286	0.0	0.0	0.0	0.0	0.0	0.0	0.0	0.0	0.0	0.0	0.0	0.0	0.0	0.3333	0.0	0.0	0.0	0.0	0.0	0.3333	0.3333	0.0	0.0	0.3333	0.0	0.0	0.4286	0.0	0.0	0.0	0.0	0.6667	0.6667	0.6667	1.0	0.0	0.0	0.0	0.0	0.0	0.3333	0.3333	0.0	0.0	0.4286	0.0	0.0	0.0	0.5238	0.0	0.3333	0.0	0.3333	0.0	1.0
ko05120	0.0	0.0714	0.0714	0.0714	0.0714	0.0	0.0	0.0357	0.0	0.0	0.0	0.0	0.0	0.0	0.0357	0.0357	0.0714	0.0	0.0	0.0714	0.0	0.0714	0.0	0.0	0.0	0.0	0.0	0.0357	0.0	0.0	0.0	0.0	0.0	0.0	0.1071	0.0	0.0714	0.0	0.0	0.0714	0.0	0.0	0.0	0.0	0.0	0.0	0.0	0.0	0.0357	0.0	0.0714	0.0	0.0	0.0	0.0357	0.0357	0.0	0.0	0.0357	0.0	0.0714	0.1071	0.0714	0.0	0.0	0.1429	0.0714	0.0714	0.0714	0.1071	0.0714	0.0	0.0	0.0	0.0	0.0357	0.0357	0.0714	0.0	0.1071	0.0	0.0	0.0	0.1786	0.0714	0.0357	0.0	0.0357	0.0	0.1071
